Cluster,N,Oil_1995,Gas_1995,Mineral_1995,Forestry_1995,TotalNR_1995,logProdPc_1995,Oil_panel,Gas_panel,Mineral_panel,Forestry_panel,TotalNR_panel
Diversified Producers,29,2.5077816051615693,0.5496736202940228,0.7562882209634139,2.5411141340823766,6.354857580501383,1.739729567361789,2.50778160516157,0.5496736202940229,0.7562882209634137,2.5411141340823766,6.354857580501383
Mining Exporters,6,1.680464052440123,0.26671097324909887,6.939883173399591,2.642137188480287,11.5291953875691,1.8164434552759452,1.680464052440123,0.26671097324909887,6.939883173399591,2.642137188480287,11.5291953875691
Oil Exporters,15,30.280240855799295,1.1098925407349836,0.22811376539846745,0.8947996227442528,32.513046784677,2.1604883670095507,30.280240855799295,1.1098925407349838,0.22811376539846745,0.8947996227442528,32.513046784677
Petrostates,6,13.641644508593886,5.162049653204816,0.6618731244543913,0.10319657709020703,19.5687638633433,2.187363050057861,13.641644508593886,5.162049653204817,0.6618731244543912,0.10319657709020702,19.5687638633433
