sample,r2,n
Main sample,0.5356752797616298,2641
Adj ≥3%,0.40589865903173417,975
Adj ≥2%,0.4775076443166545,1273
Adj ≥1%,0.4479978638782466,1498
