feature,short,coef,ci_lo,ci_hi,se
log_HCI,Human Capital,0.22247134859619108,0.08550576995740641,0.3594369272349758,0.06988039726468606
log_GFCF,Capital Formation,0.0179914821717582,0.005612900593756987,0.030370063749759417,0.006315602845918987
Political stability — estimate,Political Stability,0.012290741224567584,-0.007106297954912896,0.031687780404048065,0.009896448560959429
Rule of law index,Rule of Law,0.06134557401304206,0.011065696093983265,0.11162545193210086,0.025652998938295302
log_Production_Value,Production Value,-0.005759753349471273,-0.011800219939998496,0.00028071324105594965,0.003081870709452665
Trade (% of GDP),Trade,0.00016720499853202674,-0.00022786132745605974,0.0005622713245201132,0.000201564452034738
log_HCI_x_log_Production,HCI × Production,0.014300777464956223,-0.016362996066132885,0.044964550996045335,0.015644782413820973
log_GFCF_x_log_Production,GFCF × Production,-6.880805111217532e-05,-0.0062766558444317475,0.006139039742207397,0.0031672692823059042
