sample,r2,n
Main sample,0.3328877351656101,1223
Adj ≥3%,0.35872236754093745,800
Adj ≥2%,0.391133976394032,1048
Adj ≥1%,0.3328877351656101,1223
