sample,r2,n
Main sample,0.4365083603268415,1198
Adj ≥3%,0.4200124696746125,975
Adj ≥2%,0.48809166542296856,1273
Adj ≥1%,0.4634480009954133,1498
