inf_female_basket,inf_male_basket,gap_total_pp,between_component_pp
5.124471476914685,8.290153281368266,-3.165681804453581,-3.1656818044535786
