spec,coef_female_post,se_female_post,p_female_post,pct_female_post,coef_male_post,se_male_post,p_male_post,pct_male_post,r2_within,n_obs
"(1) Base, all items, headline price",-0.07997690128998193,0.018168539163565853,1.1422798324112193e-05,-7.686233057029968,0.045255844354131096,0.0993399779465164,0.6487630751045721,4.62955144684325,-0.07371107110969888,1728
(2) Goods only,-0.07938503637708828,0.0235406974388247,0.0007661511365717466,-7.6315796052645934,0.10932714284482001,0.12496297923720075,0.3817930375302656,11.55272274053809,0.019660074195469224,1472
(4) Drop period products,-0.07925784636591385,0.019414089476679993,4.679323458423035e-05,-7.619830517674964,0.045255844354130874,0.09941596661971505,0.6490159089798393,4.6295514468432275,-0.059924452387292826,1664
