operator,pre_trends_F,pre_trends_p,post_ATT_log,post_ATT_pct,static_DiD_log,static_DiD_pct,static_DiD_SE,static_DiD_p
Uber,37.135634661677614,2.288222790619848e-45,0.24156240935546314,24.156240935546315,0.16328737938561627,16.328737938561627,0.017874637926015676,6.532019251559673e-20
Lyft,14.07210471560628,1.4619581041888597e-20,0.146768792887474,14.676879288747399,0.09370477173415365,9.370477173415365,0.01812929044602619,2.357343223152243e-07
