model,pooled_r2,pooled_mae,pooled_rmse,n_pooled
Lasso,0.9573116614665267,0.10233946621871325,0.1676819728705755,1205
Ridge,0.9565717818824498,0.10409691759215374,0.16912887272888602,1205
RandomForest,0.9506064636086261,0.1108769085217891,0.1803710400901415,1205
XGBoost,0.9381938806569028,0.12236552887076754,0.20176576905189794,1205
